"tissue","sample","PC1","PC2","PC3","PC4","PC5","phenotype"
"liver","B01",-27.723943,54.94498,-21.237756,8.703796,-21.113657,"territorial"
"liver","B02",26.368895,24.659004,-17.635057,8.906736,18.79162,"territorial"
"liver","B03",-2.659047,19.474803,-31.416674,-15.91602,18.744576,"territorial"
"liver","B04",-25.595372,21.868637,2.357834,6.81743,-28.530846,"territorial"
"liver","B05",-30.041419,-22.970779,8.213316,15.58072,21.284656,"territorial"
"liver","B06",6.210676,-13.018842,-34.976088,26.637724,3.363402,"territorial"
"liver","B07",-4.6805,-1.507744,-6.427806,2.98244,7.047692,"territorial"
"liver","B08",29.831755,7.100252,3.462691,-3.894388,7.057812,"territorial"
"liver","B09",24.811259,12.467672,20.312879,4.032813,-1.407433,"territorial"
"liver","B10",-18.057202,-2.304552,6.148328,11.107174,3.143543,"territorial"
"liver","B11",-6.30698,-0.628458,6.800014,-2.24615,-0.620824,"territorial"
"liver","B12",28.818873,13.89221,17.20061,5.527486,6.398729,"territorial"
"liver","B13",-13.534719,0.495363,0.101211,-4.833633,8.448059,"territorial"
"liver","B14",-12.195847,-8.702275,-10.188317,9.302048,-1.164486,"territorial"
"liver","B15",17.010075,12.185672,10.855502,-2.399148,-2.865222,"territorial"
"liver","B16",30.789739,7.440373,15.473375,-3.384152,3.357158,"social"
"liver","B17",25.846285,7.384632,8.61869,17.534797,7.97225,"social"
"liver","B18",11.623413,6.421807,16.295125,-4.352802,-4.374965,"social"
"liver","B19",-18.587764,-4.83851,8.591479,-1.971951,-12.028578,"social"
"liver","B20",-13.490086,-14.897782,13.759105,15.48394,-1.306072,"social"
"liver","B21",14.873263,-8.703215,0.925403,-3.387062,-20.265189,"social"
"liver","B22",-22.96707,-15.579942,-6.408606,2.144031,16.367733,"social"
"liver","B23",-0.248815,5.768808,-11.154063,-27.97855,-0.650176,"social"
"liver","B24",-31.554979,-6.527227,15.609989,11.559071,-1.880087,"social"
"liver","B25",-18.611586,7.846368,2.333017,-41.582929,10.525962,"social"
"liver","B26",-14.510799,-15.895663,6.174436,-9.602332,4.989405,"social"
"liver","B27",28.798586,-25.335225,-19.94615,15.14751,-13.330284,"social"
"liver","B28",23.42398,-43.378477,-16.85305,-20.832863,-22.31758,"social"
"liver","B29",-5.554838,-0.099524,15.795649,-4.946389,-3.807369,"social"
"liver","B30",-2.085835,-17.562367,-2.785086,-14.139344,-1.82983,"social"
"gonad","C01",-76.068252,-5.6339,12.176092,-12.477578,8.399722,"territorial"
"gonad","C02",5.215619,31.562115,17.592752,1.348242,13.000375,"territorial"
"gonad","C03",32.227021,11.803253,17.168489,-10.191054,-3.832517,"territorial"
"gonad","C04",6.849598,-17.961455,-44.273401,-24.399895,55.263842,"territorial"
"gonad","C06",-57.687041,-46.668974,22.765205,32.824779,25.302255,"territorial"
"gonad","C07",-52.68092,-12.063727,23.485995,-13.392332,-7.606366,"territorial"
"gonad","C08",-31.499776,2.41937,21.77035,24.487794,7.897869,"territorial"
"gonad","C09",-68.886175,26.650516,-39.624476,-3.779592,-42.521611,"territorial"
"gonad","C10",-42.001208,20.47194,12.275598,22.325714,-8.550925,"territorial"
"gonad","C11",-28.751955,-8.450398,39.732488,-15.66279,0.979073,"territorial"
"gonad","C12",-30.753148,37.310896,-46.614549,4.860832,-20.175863,"territorial"
"gonad","C13",63.614844,-11.143801,16.165996,9.141058,-22.401845,"territorial"
"gonad","C14",37.811314,18.361153,20.020757,3.685118,0.994038,"territorial"
"gonad","C15",5.420595,9.796228,12.192089,32.467253,5.381277,"territorial"
"gonad","C16",17.398825,-20.851902,-25.056131,18.050929,-4.17756,"social"
"gonad","C18",-3.76756,9.623127,-15.778302,0.922152,9.904692,"social"
"gonad","C19",-7.197055,-66.986857,-29.635579,-26.617915,0.939721,"social"
"gonad","C20",27.900868,-7.148461,-26.815026,15.99759,5.848386,"social"
"gonad","C21",11.531164,-6.37123,-27.292554,29.494963,6.057027,"social"
"gonad","C22",16.909595,-46.342636,24.451638,-27.065783,-30.965914,"social"
"gonad","C23",26.754678,12.744031,-17.946005,11.354751,-1.140375,"social"
"gonad","C24",26.876992,-34.4401,-0.901079,-8.152018,-15.052506,"social"
"gonad","C25",31.549756,-15.232765,-14.724261,10.867485,-15.166683,"social"
"gonad","C26",10.958619,15.809834,1.927076,-38.881558,-4.834961,"social"
"gonad","C27",19.451224,34.513478,7.978383,-2.346355,15.400107,"social"
"gonad","C28",37.472683,-2.364936,24.189235,20.15812,-2.699262,"social"
"gonad","C29",13.570213,33.377436,8.280455,-23.432518,15.925997,"social"
"gonad","C30",7.77948,37.217765,6.488766,-31.587391,7.832009,"social"
