"gene","liver","gonad","label"
"LOC115131673",0.66253833728075,0.589491748251106,"NDUFS5-like"
"LOC115133295",0.564875405873669,0.952530638242968,"OSTC"
"atp5mpl",0.535762730830029,0.798828389240824,"ATP5MPL"
"LOC115125161",0.512579980830992,0.671855595937662,"RPL32-like"
"LOC115128702",0.477697400716238,0.810603796778627,"SEM1"
"LOC115105069",0.442257575803359,0.831829061824874,"eIF1b"
"LOC115139187",0.439828008567823,1.1674143910102,"SF3B6"
"znhit2",0.433268345220342,0.67305191290299,"ZNHIT2"
"LOC115138705",0.424921284550972,0.544745965721952,"PSMA3"
"ndufb5",0.423840738477934,0.85237810997712,"NDUFB5"
"LOC115104196",0.385001142117212,0.693332958827626,"UBC9-B"
"LOC115140186",0.331588868852392,0.851608622047117,"DYNLL1-like"
"LOC115113712",0.331296513044455,0.558324841791246,"ferritin H"
"LOC115138930",0.314401511961521,0.561185100122937,"ATPIF1B-like"
"LOC115101900",0.306318352460216,0.526469658257285,"PEN-2"
"LOC115104729",0.277452209648859,0.770433576693245,"UQCR9-like"
"LOC115142640",0.27196250988842,1.06919157020906,"DPY30"
"LOC115133349",0.224927348051587,0.499424101753071,"EMC4"
"LOC115116544",-1.19280991616397,-0.927992789917918,"ATAT1-like"
