"category","term","ontology","over_represented_pvalue","FDR","numDEInCat","numInCat"
"GO:0003735","structural constituent of ribosome","MF",8.89731885160802e-15,5.34817836170158e-11,62,240
"GO:0005840","ribosome","CC",1.14760127895884e-11,3.44911564391081e-08,49,193
"GO:0022625","cytosolic large ribosomal subunit","CC",3.47528752618562e-09,6.96331777330059e-06,27,86
"GO:0006123","mitochondrial electron transport, cytochrome c to oxygen","BP",1.22297962680705e-07,0.000154493366237535,14,31
"GO:0006412","translation","BP",1.32754682525271e-07,0.000154493366237535,41,193
"GO:0005746","mitochondrial respirasome","CC",1.54210646718551e-07,0.000154493366237535,8,10
"GO:0005747","mitochondrial respiratory chain complex I","CC",1.93058850711622e-07,0.000165782393089651,18,51
"GO:0051131","chaperone-mediated protein complex assembly","BP",3.3454829667034e-07,0.000251371226410677,7,8
"GO:0000387","spliceosomal snRNP assembly","BP",2.3232360537225e-06,0.00153474682211176,13,33
"GO:0005682","U5 snRNP","CC",2.55323044769882e-06,0.00153474682211176,10,20
"GO:0016272","prefoldin complex","CC",1.08247639488862e-05,0.00521761769870006,7,11
"GO:0097250","mitochondrial respirasome assembly","BP",1.08247639488862e-05,0.00521761769870006,7,11
"GO:0005787","signal peptidase complex","CC",1.21521623326902e-05,0.00521761769870006,6,8
"GO:0043248","proteasome assembly","BP",1.21521623326902e-05,0.00521761769870006,6,8
"GO:0005665","RNA polymerase II, core complex","CC",1.44732984289453e-05,0.00579993312375934,9,19
"GO:0005685","U1 snRNP","CC",2.13600664953391e-05,0.0080247099814677,12,34
"GO:0008380","RNA splicing","BP",2.39647492514148e-05,0.0084736533970738,7,12
"GO:0006122","mitochondrial electron transport, ubiquinol to cytochrome c","BP",2.69573869527972e-05,0.00900226960962577,8,16
"GO:0002181","cytoplasmic translation","BP",5.60151656525581e-05,0.0177214295125014,12,37
"GO:0005743","mitochondrial inner membrane","CC",5.9174621879513e-05,0.0177849326058876,22,100
"GO:1905323","telomerase holoenzyme complex assembly","BP",6.38853541175248e-05,0.0182864220762115,4,4
"GO:0005753","mitochondrial proton-transporting ATP synthase complex","CC",7.77984353861514e-05,0.0207141151582347,6,10
"GO:0006457","protein folding","BP",8.1071472166035e-05,0.0207141151582347,22,102
"GO:0045505","dynein intermediate chain binding","MF",9.20136166970787e-05,0.0207141151582347,9,23
"GO:0004888","transmembrane signaling receptor activity","MF",9.30429394896586e-05,0.0207141151582347,10,28
"GO:0042273","ribosomal large subunit biogenesis","BP",9.30429394896586e-05,0.0207141151582347,10,28
"GO:0046540","U4/U6 x U5 tri-snRNP complex","CC",9.30429394896586e-05,0.0207141151582347,10,28
"GO:0005686","U2 snRNP","CC",0.00013068894376089,0.0280561157480968,10,29
"GO:0006888","endoplasmic reticulum to Golgi vesicle-mediated transport","BP",0.000158175118913636,0.032785884130685,24,121
"GO:0005868","cytoplasmic dynein complex","CC",0.0001903994389556,0.038149700918737,8,20
"GO:0045047","protein targeting to ER","BP",0.00025342844890143,0.0491405937531127,5,8
"GO:0003755","peptidyl-prolyl cis-trans isomerase activity","MF",0.000273905051207808,0.0495266549651231,13,49
"GO:0051879","Hsp90 protein binding","MF",0.000292368932970325,0.0495266549651231,6,12
"GO:0022904","respiratory electron transport chain","BP",0.000296616133545905,0.0495266549651231,4,5
"GO:0050220","prostaglandin-E synthase activity","MF",0.000296616133545905,0.0495266549651231,4,5
"GO:2000051","negative regulation of non-canonical Wnt signaling pathway","BP",0.000296616133545905,0.0495266549651231,4,5
