"gene","baseMean","log2FoldChange","lfcSE","stat","pvalue","padj","description","tissue"
"LOC115139445",109.218678611193,1.78400259512747,0.518638137804455,3.43978289502516,0.000582180994728829,0.0466002202576675,"protein broad-minded-like, transcript variant X5","liver"
"LOC115122299",289.917971707057,1.10372856196278,0.281399871232452,3.92227813441691,8.77156522328309e-05,0.0238352665667346,"mannose-binding protein C-like","liver"
"LOC115103576",155.560057498132,0.826145658127465,0.237962597189973,3.47174584528478,0.000517085627288074,0.0466002202576675,"dispanin subfamily A member 2b-like","liver"
"LOC115115591",159.659982995134,0.770575889917652,0.229457615702908,3.35824935492819,0.000784378204732006,0.0498324214572744,"dispanin subfamily A member 2b-like","liver"
"LOC115131673",100.828268389963,0.743371105271822,0.166698978911337,4.4593620796394,8.22039500797565e-06,0.0230517281281126,"NADH dehydrogenase [ubiquinone] iron-sulfur protein 5-like","liver"
"wdr45",103.888393846575,0.678535093818184,0.166806295368641,4.06780267086817,4.74585435867113e-05,0.0230517281281126,"WD repeat domain 45","liver"
"LOC115102635",163.755141995053,0.674760058658139,0.196956219012532,3.42593933840295,0.000612677198689343,0.0466002202576675,"keratin, type I cytoskeletal 18-like","liver"
"atp5mpl",683.925896584146,0.67460140054304,0.198473794020475,3.39894444942916,0.000676464543688789,0.047539128966819,"ATP synthase membrane subunit 6.8PL","liver"
"LOC115123161",148.108566323141,0.656266072317719,0.161232437086074,4.07031044235454,4.69505305265709e-05,0.0230517281281126,"ferritin, middle subunit-like","liver"
"LOC115105984",82.9916507740992,0.651651463263493,0.190217692201247,3.42581941628256,0.000612947755396336,0.0466002202576675,"NADH dehydrogenase [ubiquinone] 1 alpha subcomplex subunit 8-like","liver"
"LOC115133295",217.205891168774,0.650081205163379,0.15924634484539,4.08223627232722,4.4604415318871e-05,0.0230517281281126,"oligosaccharyltransferase complex subunit ostc, transcript variant X2","liver"
"LOC115135536",522.407341118967,0.635355089233362,0.183644155853572,3.45970764100961,0.000540762169241079,0.0466002202576675,"V-type proton ATPase catalytic subunit A-like","liver"
"LOC115125161",136.916425934153,0.593532407016153,0.148490886210816,3.99709653677668,6.41241551713899e-05,0.0237609142253259,"60S ribosomal protein L32-like","liver"
"LOC115125976",519.08057814341,0.590626238416979,0.174429912533538,3.38603757714674,0.00070909673080094,0.0481713045790772,"60S ribosomal protein L3","liver"
"LOC115145095",311.162069601426,0.57571723056584,0.160760488447082,3.58121100605732,0.00034200529751663,0.0436490093123143,"proteasome subunit beta type-5-like","liver"
"LOC115128702",153.550384216592,0.540218340854627,0.126434966303024,4.27269731349395,1.93122531444919e-05,0.0230517281281126,"26S proteasome complex subunit SEM1","liver"
"LOC115135049",94.6064474653255,0.530000258175228,0.137363797187116,3.85836930128879,0.00011414608158846,0.0267734674773602,"bladder cancer-associated protein, transcript variant X2","liver"
"LOC115105069",181.193886984798,0.526141767449938,0.141639282015615,3.71465994435028,0.000203477137231579,0.0360596874502572,"eukaryotic translation initiation factor 1b","liver"
"ndufb5",193.309710071905,0.524407251554445,0.152380615969037,3.44143018598247,0.000578647771455205,0.0466002202576675,"NADH:ubiquinone oxidoreductase subunit B5","liver"
"znhit2",158.25734298771,0.507112629720194,0.131725815606385,3.84975889035689,0.000118234154708656,0.0267734674773602,"zinc finger HIT-type containing 2, transcript variant X2","liver"
"LOC115139187",143.999694322358,0.50215853009177,0.12184781868122,4.12119425301757,3.7691344526152e-05,0.0230517281281126,"splicing factor 3B subunit 6","liver"
"LOC115138705",700.210109238123,0.491914876693569,0.124552000752442,3.94947390424738,7.83231488008436e-05,0.0238352665667346,"proteasome subunit alpha type-3","liver"
"LOC115135968",118.176869419857,0.490806954860712,0.128079019750544,3.83206364177868,0.000127072854897194,0.0272604713979455,"malate dehydrogenase, mitochondrial-like","liver"
"LOC115111363",98.3469336555325,0.488124626238694,0.12613081545852,3.86998708019311,0.00010884112112365,0.0267734674773602,"glutaredoxin-1-like, transcript variant X1","liver"
"LOC115140097",81.1122763616699,0.48400673310129,0.131327099629115,3.68550538668857,0.000228249254223304,0.0372137584085675,"transcobalamin-2-like","liver"
"LOC115132717",76.6393436159539,0.480714093085176,0.134554011716341,3.57264779365026,0.000353389918377422,0.0436490093123143,"ras-related protein Rab-39B-like","liver"
"LOC115107636",84.8333385619588,0.473236884982751,0.12949078720417,3.65459887301936,0.000257584384358777,0.0397966689816656,"COP9 signalosome complex subunit 8-like, transcript variant X1","liver"
"LOC115104196",106.875930269911,0.466256266395672,0.131710570899346,3.54000641871022,0.000400117300497941,0.0453021699119336,"SUMO-conjugating enzyme UBC9-B, transcript variant X2","liver"
"anapc16",283.993417182409,0.463853769635262,0.130177226469863,3.56324821333206,0.000366294025886747,0.0439121896915994,"anaphase promoting complex subunit 16","liver"
"LOC115121896",83.8215562505802,0.463623285879608,0.132315015256583,3.50393555093167,0.000458436292862907,0.0455752763343709,"vacuolar protein sorting-associated protein 29, transcript variant X2","liver"
"LOC115110656",73.048111008013,0.457927820937303,0.13519563935894,3.38714934230623,0.000706229330442647,0.0481713045790772,"SEC14-like protein 1, transcript variant X2","liver"
"LOC115126009",252.464003404165,0.43911986697678,0.127718519985794,3.43818474427688,0.000585628005461248,0.0466002202576675,"ATP synthase F(0) complex subunit B1, mitochondrial-like","liver"
"LOC115134514",107.365890738346,0.431401853764681,0.122502583179889,3.52157352576958,0.000428993683539674,0.0455752763343709,"40S ribosomal protein S13","liver"
"LOC115132418",125.043507466417,0.424272288639081,0.126126997050257,3.3638499176352,0.000768633294855525,0.0497293541243035,"serine/threonine-protein kinase PINK1, mitochondrial-like","liver"
"LOC115116869",559.328758645918,0.422270849437236,0.114130357340002,3.69989947704503,0.000215684883174304,0.0366304826591026,"cytochrome c oxidase subunit NDUFA4-like","liver"
"LOC115145216",204.780302746805,0.416275065219718,0.11423425952455,3.64404747710785,0.000268383879765791,0.0397966689816656,"V-type proton ATPase 16 kDa proteolipid subunit","liver"
"LOC115113712",765.507935780703,0.40569224003358,0.11889811452952,3.41209986078336,0.000644644927739824,0.0466002202576675,"ferritin, heavy subunit-like","liver"
"gps1",67.9021499002825,0.4026434172951,0.106015731844926,3.79795913576361,0.000145892367850791,0.0297328645679912,"G protein pathway suppressor 1, transcript variant X3","liver"
"LOC115112920",65.1284244089856,0.402105692903239,0.0997537194404276,4.03098446011704,5.55437163808693e-05,0.0230517281281126,"renin receptor-like","liver"
"LOC115140186",155.996380722397,0.400670402428007,0.114711177103932,3.49286279282956,0.000477871978136607,0.0463763376877336,"dynein light chain 1, cytoplasmic-like","liver"
"LOC115138930",247.348124609799,0.380930463225651,0.110160670919828,3.45795336979094,0.000544295583480975,0.0466002202576675,"ATPase inhibitor B, mitochondrial-like, transcript variant X2","liver"
"LOC115142868",132.139874556434,0.379027205555759,0.111157771596124,3.40981291828069,0.000650074553832238,0.0466002202576675,"cytochrome c1, heme protein, mitochondrial-like","liver"
"LOC115143167",66.2406955859994,0.377327942850296,0.107354120651222,3.51479701534868,0.00044009023276281,0.0455752763343709,"GTP-binding protein Rheb-like","liver"
"LOC115101900",100.121047264529,0.375877419543137,0.111666361431316,3.36607564467238,0.000762457964262816,0.0497293541243035,"gamma-secretase subunit PEN-2","liver"
"LOC115143985",149.714335201736,0.366087268427125,0.102353641215717,3.57669022888567,0.000347972117627897,0.0436490093123143,"ADP-ribosylation factor 1","liver"
"LOC115142589",99.382477783106,0.365490006522589,0.102975710609673,3.5492836549385,0.000386280733622227,0.0449851505784057,"phosphoribosyl pyrophosphate synthase-associated protein 1-like, transcript variant X2","liver"
"psen2",95.8529032742696,0.362847701075163,0.108299309143246,3.35041565773268,0.000806903782183541,0.0498324214572744,"presenilin 2, transcript variant X1","liver"
"sptssa",190.624500402747,0.360105831344363,0.104830088173509,3.43513811367147,0.000592251899888623,0.0466002202576675,"serine palmitoyltransferase small subunit A","liver"
"LOC115106562",687.498094276931,0.325941014646585,0.0953572794996972,3.41810312077559,0.000630592102003621,0.0466002202576675,"histone H3.3, transcript variant X3","liver"
"LOC115104729",486.108115545581,0.321152154558307,0.0855686314561625,3.75315286797401,0.000174624290901607,0.0338937433197595,"cytochrome b-c1 complex subunit 9-like","liver"
"LOC115142640",109.095304773969,0.315566753154495,0.0848276749573733,3.72009197839113,0.000199150237343466,0.0360596874502572,"protein dpy-30 homolog, transcript variant X1","liver"
"LOC115112864",112.809569092862,0.309401302992207,0.0901442437371231,3.43229129410056,0.000598504339136972,0.0466002202576675,"casein kinase I, transcript variant X3","liver"
"LOC115119000",370.058749408274,0.283978977691897,0.0780312541206509,3.6392978799599,0.000273382416949617,0.0397966689816656,"transmembrane emp24 domain-containing protein 10-like","liver"
"LOC115109712",198.667896808025,0.279740498648551,0.0694706605315226,4.02674303811489,5.65547795095991e-05,0.0230517281281126,"rab GDP dissociation inhibitor beta-like","liver"
"LOC115133349",187.487319482589,0.26622341733757,0.0780909927184903,3.40914371901094,0.000651671382406048,0.0466002202576675,"ER membrane protein complex subunit 4, transcript variant X2","liver"
"LOC115136041",107.511172090772,-0.334087842403265,0.0996392502879452,-3.35297426905353,0.00079948138695232,0.0498324214572744,"serine/arginine-rich splicing factor 7-like, transcript variant X2","liver"
"LOC115145809",613.622575043974,-0.345181529208577,0.0961924994320471,-3.5884453699264,0.000332655678153857,0.0436490093123143,"long-chain-fatty-acid--CoA ligase 1-like, transcript variant X1","liver"
"LOC115102558",1927.85097847973,-0.374198355991093,0.0886466478688835,-4.22123526367931,2.42967189468186e-05,0.0230517281281126,"low-density lipoprotein receptor-related protein 1-like","liver"
"LOC115129419",68.4596069856954,-0.440443640377729,0.130677467033988,-3.37046355714236,0.000750418309465938,0.0497293541243035,"disks large homolog 3, transcript variant X1","liver"
"ddx31",109.432014231662,-0.499615147599964,0.142356845209814,-3.50959693482671,0.000448786440276009,0.0455752763343709,"DEAD-box helicase 31, transcript variant X2","liver"
"LOC115145167",293.398560768979,-0.780289964641553,0.221816602348268,-3.51772570845008,0.000435262015570778,0.0455752763343709,"palladin-like","liver"
"LOC115107543",70.3369688879812,-0.795314328531262,0.202425984689691,-3.92891421400488,8.5330270727845e-05,0.0238352665667346,"pleckstrin homology domain-containing family G member 3-like, transcript variant X4","liver"
"LOC115120566",95.549824151983,-0.848762933282014,0.247744854917321,-3.42595584301951,0.000612639971268373,0.0466002202576675,"E3 ubiquitin-protein ligase RNF19A-like","liver"
"LOC115119914",74.829884789362,-0.890637876667804,0.212749501313122,-4.18632180649381,2.83511316426523e-05,0.0230517281281126,"unconventional myosin-XVI-like","liver"
"LOC115112270",119.800821201623,-0.974934358595757,0.27158336719871,-3.58981615351438,0.000330911266072751,0.0436490093123143,"disintegrin and metalloproteinase domain-containing protein 10-like","liver"
"LOC115116544",234.119529787756,-1.40736780886171,0.358406180590687,-3.92673978596639,8.61050477200278e-05,0.0238352665667346,"alpha-tubulin N-acetyltransferase 1-like, transcript variant X2","liver"
