"sample","tissue","phenotype","included","exclusion_reason","library_size","genes_detected","genes_detected_10"
"B01","liver","territorial",TRUE,"",2013836,22617,9177
"B02","liver","territorial",TRUE,"",2505379,24404,11082
"B03","liver","territorial",TRUE,"",3633205,26807,12697
"B04","liver","territorial",TRUE,"",2714953,25057,11151
"B05","liver","territorial",TRUE,"",3721169,26795,12894
"B06","liver","territorial",TRUE,"",3485745,27041,13618
"B07","liver","territorial",TRUE,"",4273220,27075,13624
"B08","liver","territorial",TRUE,"",2476108,24688,11463
"B09","liver","territorial",TRUE,"",4595267,26539,13823
"B10","liver","territorial",TRUE,"",2984392,25779,12022
"B11","liver","territorial",TRUE,"",2424501,24433,10499
"B12","liver","territorial",TRUE,"",3499352,26170,13079
"B13","liver","territorial",TRUE,"",4735892,27046,13528
"B14","liver","territorial",TRUE,"",4541727,27936,14552
"B15","liver","territorial",TRUE,"",2794860,25154,11600
"B16","liver","social",TRUE,"",2878596,25870,12451
"B17","liver","social",TRUE,"",2787096,25469,11796
"B18","liver","social",TRUE,"",3925980,26902,13683
"B19","liver","social",TRUE,"",2839330,26516,12069
"B20","liver","social",TRUE,"",4040775,27147,13357
"B21","liver","social",TRUE,"",2501165,25660,11496
"B22","liver","social",TRUE,"",2497466,25124,10887
"B23","liver","social",TRUE,"",3323560,26500,12325
"B24","liver","social",TRUE,"",3559690,26705,12728
"B25","liver","social",TRUE,"",2172165,26286,11542
"B26","liver","social",TRUE,"",3700389,26859,13123
"B27","liver","social",TRUE,"",2890085,27112,13277
"B28","liver","social",TRUE,"",1814610,26792,11218
"B29","liver","social",TRUE,"",1988246,24837,10481
"B30","liver","social",TRUE,"",4057109,27442,13897
"C01","gonad","territorial",TRUE,"",3394933,27469,16144
"C02","gonad","territorial",TRUE,"",4143588,30372,19466
"C03","gonad","territorial",TRUE,"",3833434,29929,19151
"C04","gonad","territorial",TRUE,"",4464611,29926,19403
"C05","gonad","territorial",FALSE,"outlier in sample-correlation clustering",1972632,23468,10806
"C06","gonad","territorial",TRUE,"",4673349,28105,17288
"C07","gonad","territorial",TRUE,"",3854118,27924,16907
"C08","gonad","territorial",TRUE,"",4721167,29565,18451
"C09","gonad","territorial",TRUE,"",3740577,29201,18593
"C10","gonad","territorial",TRUE,"",5557584,29971,19642
"C11","gonad","territorial",TRUE,"",3825834,28380,17132
"C12","gonad","territorial",TRUE,"",4380836,30112,19858
"C13","gonad","territorial",TRUE,"",4680106,31743,20953
"C14","gonad","territorial",TRUE,"",3779769,30645,19338
"C15","gonad","territorial",TRUE,"",3906166,29841,18966
"C16","gonad","social",TRUE,"",4137261,29967,18930
"C17","gonad","social",FALSE,"outlier in sample-correlation clustering",2143880,23850,10285
"C18","gonad","social",TRUE,"",3979774,29702,18722
"C19","gonad","social",TRUE,"",4432712,29482,18112
"C20","gonad","social",TRUE,"",4596928,30559,19743
"C21","gonad","social",TRUE,"",5765329,30764,20498
"C22","gonad","social",TRUE,"",4177626,28538,16955
"C23","gonad","social",TRUE,"",4032733,30779,20277
"C24","gonad","social",TRUE,"",4968411,29792,18994
"C25","gonad","social",TRUE,"",3750618,30323,19558
"C26","gonad","social",TRUE,"",3924954,29926,19095
"C27","gonad","social",TRUE,"",3943664,30404,19600
"C28","gonad","social",TRUE,"",4355858,30222,19256
"C29","gonad","social",TRUE,"",3864312,30560,19754
"C30","gonad","social",TRUE,"",4068762,30859,20332
