"tissue","category","term","de_genes","category_genes","pvalue","FDR","enriched"
"liver","one00190","Oxidative phosphorylation",9,135,0.000576878428997158,0.108453144651466,FALSE
"liver","one04330","Notch signaling pathway",2,16,0.0341721606175735,1,FALSE
"liver","one04216","Ferroptosis",3,40,0.0363501574596402,1,FALSE
"liver","one00860","Porphyrin metabolism",2,24,0.0716474125861241,1,FALSE
"liver","one03440","Homologous recombination",1,4,0.0722251326735671,1,FALSE
"liver","one04519","Cadherin signaling",4,88,0.0773653597843876,1,FALSE
"liver","one04980","Cobalamin transport and metabolism",1,5,0.0894716626191013,1,FALSE
"liver","one00061","Fatty acid biosynthesis",1,6,0.10640566603248,1,FALSE
"liver","one04340","Hedgehog signaling pathway",1,7,0.12303265984199,1,FALSE
"liver","one04145","Phagocytosis",4,109,0.14030685480763,1,FALSE
"liver","one03050","Proteasome",3,73,0.151312971230658,1,FALSE
"liver","one04977","Vitamin digestion and absorption",1,12,0.201749029224905,1,FALSE
"liver","one04140","Autophagy - animal",3,94,0.252046419829539,1,FALSE
"liver","one04150","mTOR signaling pathway",2,54,0.264835919689946,1,FALSE
"liver","one04260","Cardiac muscle contraction",2,56,0.278795568514531,1,FALSE
"liver","one00071","Fatty acid degradation",1,20,0.313590088584915,1,FALSE
"liver","one04142","Lysosome biogenesis",3,106,0.313787035887077,1,FALSE
"liver","one04120","Ubiquitin mediated proteolysis",2,64,0.334396963459992,1,FALSE
"liver","one05168","Herpes simplex virus 1 infection",2,64,0.334396963459992,1,FALSE
"liver","one01212","Fatty acid metabolism",1,22,0.339070944033475,1,FALSE
"liver","one04914","Progesterone-mediated oocyte maturation",1,22,0.339070944033475,1,FALSE
"liver","one00270","Cysteine and methionine metabolism",1,23,0.351463363832847,1,FALSE
"liver","one00620","Pyruvate metabolism",1,23,0.351463363832847,1,FALSE
"liver","one04217","Necroptosis",2,68,0.36183342431983,1,FALSE
"liver","one00630","Glyoxylate and dicarboxylate metabolism",1,24,0.363629274756617,1,FALSE
"liver","one04540","Gap junction",1,27,0.398807937152778,1,FALSE
"liver","one00513","Various types of N-glycan biosynthesis",1,29,0.421199933470651,1,FALSE
"liver","one00020","Citrate cycle (TCA cycle)",1,30,0.432089080887266,1,FALSE
"liver","one04920","Adipocytokine signaling pathway",1,30,0.432089080887266,1,FALSE
"liver","one04146","Peroxisome",1,33,0.463572505931641,1,FALSE
"liver","one03040","Spliceosome",2,84,0.466927359333004,1,FALSE
"liver","one01100","Metabolic pathways",11,565,0.486566774483546,1,FALSE
"liver","one00510","N-Glycan biosynthesis",1,36,0.493352897842692,1,FALSE
"liver","one04382","Cornified envelope formation",1,37,0.502916904127365,1,FALSE
"liver","one03320","PPAR signaling pathway",1,38,0.51230491417048,1,FALSE
"liver","one04110","Cell cycle",1,40,0.53056551036233,1,FALSE
"liver","one04114","Oocyte meiosis",1,41,0.539444242222596,1,FALSE
"liver","one03013","Nucleocytoplasmic transport",1,43,0.556713537344355,1,FALSE
"liver","one04144","Endocytosis",2,102,0.572757602299229,1,FALSE
"liver","one04814","Motor proteins",1,49,0.604821406680603,1,FALSE
"liver","one04218","Cellular senescence",1,55,0.647827893308503,1,FALSE
"liver","one05132","Salmonella infection",2,117,0.649199477234973,1,FALSE
"liver","one04910","Insulin signaling pathway",1,59,0.673927880790958,1,FALSE
"liver","one03010","Ribosome",3,187,0.688815778791804,1,FALSE
"liver","one04148","Efferocytosis",1,62,0.692256211010336,1,FALSE
"liver","one04137","Mitophagy - animal",1,69,0.731205472153051,1,FALSE
"liver","one01200","Carbon metabolism",1,72,0.746387179400024,1,FALSE
"liver","one04530","Tight junction",1,75,0.760732182524861,1,FALSE
"liver","one04517","IgSF CAM signaling",1,89,0.817871918200621,1,FALSE
"liver","one04141","Protein processing in endoplasmic reticulum",1,156,0.951975407122071,1,FALSE
"liver","one00010","Glycolysis / Gluconeogenesis",0,34,1,1,FALSE
"liver","one00030","Pentose phosphate pathway",0,17,1,1,FALSE
"liver","one00040","Pentose and glucuronate interconversions",0,13,1,1,FALSE
"liver","one00051","Fructose and mannose metabolism",0,13,1,1,FALSE
"liver","one00052","Galactose metabolism",0,10,1,1,FALSE
"liver","one00053","Ascorbate and aldarate metabolism",0,9,1,1,FALSE
"liver","one00062","Fatty acid elongation",0,10,1,1,FALSE
"liver","one00100","Steroid biosynthesis",0,14,1,1,FALSE
"liver","one00120","Primary bile acid biosynthesis",0,7,1,1,FALSE
"liver","one00130","Ubiquinone and other terpenoid-quinone biosynthesis",0,3,1,1,FALSE
"liver","one00140","Steroid hormone biosynthesis",0,12,1,1,FALSE
"liver","one00220","Arginine biosynthesis",0,8,1,1,FALSE
"liver","one00230","Purine metabolism",0,34,1,1,FALSE
"liver","one00232","Caffeine metabolism",0,1,1,1,FALSE
"liver","one00240","Pyrimidine metabolism",0,16,1,1,FALSE
"liver","one00250","Alanine, aspartate and glutamate metabolism",0,10,1,1,FALSE
"liver","one00260","Glycine, serine and threonine metabolism",0,23,1,1,FALSE
"liver","one00280","Valine, leucine and isoleucine degradation",0,21,1,1,FALSE
"liver","one00310","Lysine degradation",0,23,1,1,FALSE
"liver","one00330","Arginine and proline metabolism",0,15,1,1,FALSE
"liver","one00340","Histidine metabolism",0,6,1,1,FALSE
"liver","one00350","Tyrosine metabolism",0,8,1,1,FALSE
"liver","one00360","Phenylalanine metabolism",0,5,1,1,FALSE
"liver","one00380","Tryptophan metabolism",0,24,1,1,FALSE
"liver","one00400","Phenylalanine, tyrosine and tryptophan biosynthesis",0,4,1,1,FALSE
"liver","one00410","beta-Alanine metabolism",0,13,1,1,FALSE
"liver","one00430","Taurine and hypotaurine metabolism",0,2,1,1,FALSE
"liver","one00440","Phosphonate and phosphinate metabolism",0,3,1,1,FALSE
"liver","one00450","Selenocompound metabolism",0,6,1,1,FALSE
"liver","one00470","D-Amino acid metabolism",0,2,1,1,FALSE
"liver","one00480","Glutathione metabolism",0,27,1,1,FALSE
"liver","one00500","Starch and sucrose metabolism",0,10,1,1,FALSE
"liver","one00511","Other glycan degradation",0,3,1,1,FALSE
"liver","one00512","Mucin type O-glycan biosynthesis",0,3,1,1,FALSE
"liver","one00514","Other types of O-glycan biosynthesis",0,9,1,1,FALSE
"liver","one00515","Mannose type O-glycan biosynthesis",0,4,1,1,FALSE
"liver","one00520","Amino sugar and nucleotide sugar metabolism",0,11,1,1,FALSE
"liver","one00531","Glycosaminoglycan degradation",0,3,1,1,FALSE
"liver","one00533","Glycosaminoglycan biosynthesis - keratan sulfate",0,4,1,1,FALSE
"liver","one00534","Glycosaminoglycan biosynthesis - heparan sulfate / heparin",0,6,1,1,FALSE
"liver","one00541","Biosynthesis of various nucleotide sugars",0,5,1,1,FALSE
"liver","one00561","Glycerolipid metabolism",0,19,1,1,FALSE
"liver","one00562","Inositol phosphate metabolism",0,22,1,1,FALSE
"liver","one00563","Glycosylphosphatidylinositol (GPI)-anchor biosynthesis",0,2,1,1,FALSE
"liver","one00564","Glycerophospholipid metabolism",0,35,1,1,FALSE
"liver","one00565","Ether lipid metabolism",0,13,1,1,FALSE
"liver","one00590","Arachidonic acid metabolism",0,12,1,1,FALSE
"liver","one00591","Linoleic acid metabolism",0,4,1,1,FALSE
"liver","one00592","alpha-Linolenic acid metabolism",0,6,1,1,FALSE
"liver","one00600","Sphingolipid metabolism",0,15,1,1,FALSE
"liver","one00601","Glycosphingolipid biosynthesis - lacto and neolacto series",0,5,1,1,FALSE
"liver","one00603","Glycosphingolipid biosynthesis - globo and isoglobo series",0,2,1,1,FALSE
"liver","one00604","Glycosphingolipid biosynthesis - ganglio series",0,2,1,1,FALSE
"liver","one00640","Propanoate metabolism",0,18,1,1,FALSE
"liver","one00650","Butanoate metabolism",0,8,1,1,FALSE
"liver","one00660","C5-Branched dibasic acid metabolism",0,1,1,1,FALSE
"liver","one00670","One carbon pool by folate",0,20,1,1,FALSE
"liver","one00730","Thiamine metabolism",0,4,1,1,FALSE
"liver","one00740","Riboflavin metabolism",0,6,1,1,FALSE
"liver","one00760","Nicotinate and nicotinamide metabolism",0,7,1,1,FALSE
"liver","one00770","Pantothenate and CoA biosynthesis",0,7,1,1,FALSE
"liver","one00785","Lipoic acid metabolism",0,10,1,1,FALSE
"liver","one00790","Folate biosynthesis",0,12,1,1,FALSE
"liver","one00830","Retinol metabolism",0,8,1,1,FALSE
"liver","one00900","Terpenoid backbone biosynthesis",0,7,1,1,FALSE
"liver","one00910","Nitrogen metabolism",0,6,1,1,FALSE
"liver","one00920","Sulfur metabolism",0,4,1,1,FALSE
"liver","one00970","Aminoacyl-tRNA biosynthesis",0,12,1,1,FALSE
"liver","one00980","Metabolism of xenobiotics by cytochrome P450",0,17,1,1,FALSE
"liver","one00982","Drug metabolism - cytochrome P450",0,16,1,1,FALSE
"liver","one00983","Drug metabolism - other enzymes",0,28,1,1,FALSE
"liver","one01040","Biosynthesis of unsaturated fatty acids",0,10,1,1,FALSE
"liver","one01210","2-Oxocarboxylic acid metabolism",0,18,1,1,FALSE
"liver","one01230","Biosynthesis of amino acids",0,40,1,1,FALSE
"liver","one01232","Nucleotide metabolism",0,25,1,1,FALSE
"liver","one01240","Biosynthesis of cofactors",0,47,1,1,FALSE
"liver","one01250","Biosynthesis of nucleotide sugars",0,12,1,1,FALSE
"liver","one01320","Sulfur cycle",0,1,1,1,FALSE
"liver","one02010","ABC transporters",0,9,1,1,FALSE
"liver","one03008","Ribosome biogenesis in eukaryotes",0,19,1,1,FALSE
"liver","one03015","mRNA surveillance pathway",0,44,1,1,FALSE
"liver","one03018","RNA degradation",0,22,1,1,FALSE
"liver","one03020","RNA polymerase",0,7,1,1,FALSE
"liver","one03022","Basal transcription factors",0,5,1,1,FALSE
"liver","one03030","DNA replication",0,2,1,1,FALSE
"liver","one03060","Protein export",0,28,1,1,FALSE
"liver","one03082","ATP-dependent chromatin remodeling",0,23,1,1,FALSE
"liver","one03083","Polycomb repressive complex",0,23,1,1,FALSE
"liver","one03250","Viral life cycle - HIV-1",0,20,1,1,FALSE
"liver","one03260","Virion - Human immunodeficiency virus",0,1,1,1,FALSE
"liver","one03264","Virion - Flavivirus and Alphavirus",0,3,1,1,FALSE
"liver","one03265","Virion - Ebolavirus, Lyssavirus and Morbillivirus",0,3,1,1,FALSE
"liver","one03266","Virion - Herpesvirus",0,4,1,1,FALSE
"liver","one03267","Virion - Adenovirus",0,2,1,1,FALSE
"liver","one03271","Virion - Rotavirus",0,1,1,1,FALSE
"liver","one03272","Virion - Hepatitis viruses",0,22,1,1,FALSE
"liver","one03273","Virion - Lassa virus and SFTS virus",0,5,1,1,FALSE
"liver","one03410","Base excision repair",0,4,1,1,FALSE
"liver","one03420","Nucleotide excision repair",0,10,1,1,FALSE
"liver","one03430","Mismatch repair",0,1,1,1,FALSE
"liver","one04010","MAPK signaling pathway",0,67,1,1,FALSE
"liver","one04012","ErbB signaling pathway",0,26,1,1,FALSE
"liver","one04020","Calcium signaling pathway",0,46,1,1,FALSE
"liver","one04060","Cytokine-cytokine receptor interaction",0,19,1,1,FALSE
"liver","one04068","FoxO signaling pathway",0,53,1,1,FALSE
"liver","one04070","Phosphatidylinositol signaling system",0,27,1,1,FALSE
"liver","one04080","Neuroactive ligand-receptor interaction",0,27,1,1,FALSE
"liver","one04081","Hormone signaling",0,44,1,1,FALSE
"liver","one04082","Neuroactive ligand signaling",0,16,1,1,FALSE
"liver","one04115","p53 signaling pathway",0,17,1,1,FALSE
"liver","one04122","Sulfur relay system",0,2,1,1,FALSE
"liver","one04130","SNARE interactions in vesicular transport",0,8,1,1,FALSE
"liver","one04136","Autophagy - other",0,14,1,1,FALSE
"liver","one04156","Integrated stress response (ISR) signaling pathway",0,32,1,1,FALSE
"liver","one04210","Apoptosis",0,52,1,1,FALSE
"liver","one04261","Adrenergic signaling in cardiomyocytes",0,46,1,1,FALSE
"liver","one04270","Vascular smooth muscle contraction",0,37,1,1,FALSE
"liver","one04310","Wnt signaling pathway",0,35,1,1,FALSE
"liver","one04350","TGF-beta signaling pathway",0,36,1,1,FALSE
"liver","one04370","VEGF signaling pathway",0,20,1,1,FALSE
"liver","one04371","Apelin signaling pathway",0,43,1,1,FALSE
"liver","one04510","Focal adhesion",0,52,1,1,FALSE
"liver","one04512","ECM-receptor interaction",0,10,1,1,FALSE
"liver","one04514","Cell adhesion molecule (CAM) interaction",0,23,1,1,FALSE
"liver","one04518","Integrin signaling",0,38,1,1,FALSE
"liver","one04520","Adherens junction",0,40,1,1,FALSE
"liver","one04620","Toll-like receptor signaling pathway",0,17,1,1,FALSE
"liver","one04621","NOD-like receptor signaling pathway",0,53,1,1,FALSE
"liver","one04622","RIG-I-like receptor signaling pathway",0,14,1,1,FALSE
"liver","one04623","Cytosolic DNA-sensing pathway",0,12,1,1,FALSE
"liver","one04625","C-type lectin receptor signaling pathway",0,40,1,1,FALSE
"liver","one04744","Phototransduction",0,10,1,1,FALSE
"liver","one04810","Regulation of actin cytoskeleton",0,71,1,1,FALSE
"liver","one04820","Cytoskeleton in muscle cells",0,37,1,1,FALSE
"liver","one04912","GnRH signaling pathway",0,33,1,1,FALSE
"liver","one04916","Melanogenesis",0,23,1,1,FALSE
"liver","one04981","Folate transport and metabolism",0,4,1,1,FALSE
"liver","one05100","Bacterial invasion of epithelial cells",0,30,1,1,FALSE
"gonad","one00190","Oxidative phosphorylation",59,186,1.0207908499199e-17,1.9905421573438e-15,TRUE
"gonad","one03010","Ribosome",66,261,3.43559412178849e-14,3.34970426874377e-12,TRUE
"gonad","one03060","Protein export",15,50,3.91446611365676e-05,0.0025444029738769,TRUE
"gonad","one04260","Cardiac muscle contraction",22,97,8.65451544269614e-05,0.00421907627831437,TRUE
"gonad","one03420","Nucleotide excision repair",16,64,0.000241081380181921,0.00940217382709493,TRUE
"gonad","one03020","RNA polymerase",10,38,0.00231475641603568,0.0752295835211597,FALSE
"gonad","one03040","Spliceosome",35,258,0.0197405358978943,0.549914928584198,FALSE
"gonad","one04060","Cytokine-cytokine receptor interaction",20,136,0.0325098475868561,0.792427534929617,FALSE
"gonad","one00980","Metabolism of xenobiotics by cytochrome P450",6,27,0.0381885317619231,0.806969789849065,FALSE
"gonad","one03050","Proteasome",15,98,0.0435855595562542,0.806969789849065,FALSE
"gonad","one04623","Cytosolic DNA-sensing pathway",10,58,0.0455213727607165,0.806969789849065,FALSE
"gonad","one00740","Riboflavin metabolism",3,10,0.0621999605170782,1,FALSE
"gonad","one04145","Phagocytosis",37,304,0.0700069190306151,1,FALSE
"gonad","one05132","Salmonella infection",44,374,0.0805354598964855,1,FALSE
"gonad","one04744","Phototransduction",4,18,0.0852327901612738,1,FALSE
"gonad","one00250","Alanine, aspartate and glutamate metabolism",7,41,0.090102641512826,1,FALSE
"gonad","one00590","Arachidonic acid metabolism",7,41,0.090102641512826,1,FALSE
"gonad","one03250","Viral life cycle - HIV-1",12,86,0.114255387328263,1,FALSE
"gonad","one00062","Fatty acid elongation",5,28,0.121942980946179,1,FALSE
"gonad","one00790","Folate biosynthesis",5,28,0.121942980946179,1,FALSE
"gonad","one03013","Nucleocytoplasmic transport",20,161,0.130989411155661,1,FALSE
"gonad","one00510","N-Glycan biosynthesis",11,81,0.145311965291036,1,FALSE
"gonad","one04142","Lysosome biogenesis",35,311,0.167920377389159,1,FALSE
"gonad","one00982","Drug metabolism - cytochrome P450",4,23,0.170434305456151,1,FALSE
"gonad","one01100","Metabolic pathways",159,1561,0.171560047755122,1,FALSE
"gonad","one04814","Motor proteins",21,180,0.192274977601682,1,FALSE
"gonad","one00563","Glycosylphosphatidylinositol (GPI)-anchor biosynthesis",4,25,0.210542311727222,1,FALSE
"gonad","one03440","Homologous recombination",5,35,0.237096662903462,1,FALSE
"gonad","one00330","Arginine and proline metabolism",7,54,0.25219926139711,1,FALSE
"gonad","one00670","One carbon pool by folate",5,36,0.25557836161615,1,FALSE
"gonad","one03260","Virion - Human immunodeficiency virus",1,3,0.259543635360408,1,FALSE
"gonad","one03272","Virion - Hepatitis viruses",8,65,0.276592585431603,1,FALSE
"gonad","one00730","Thiamine metabolism",2,12,0.319319063066115,1,FALSE
"gonad","one04672","Intestinal immune network for IgA production",3,21,0.323409913277119,1,FALSE
"gonad","one04156","Integrated stress response (ISR) signaling pathway",9,78,0.324264223560963,1,FALSE
"gonad","one03008","Ribosome biogenesis in eukaryotes",10,88,0.3275312564912,1,FALSE
"gonad","one00260","Glycine, serine and threonine metabolism",5,40,0.332255537415377,1,FALSE
"gonad","one04514","Cell adhesion molecule (CAM) interaction",15,138,0.334799194445772,1,FALSE
"gonad","one00061","Fatty acid biosynthesis",3,22,0.350555383550853,1,FALSE
"gonad","one00591","Linoleic acid metabolism",2,13,0.355568857257351,1,FALSE
"gonad","one04082","Neuroactive ligand signaling",11,102,0.379765144585657,1,FALSE
"gonad","one00340","Histidine metabolism",2,14,0.391101207605219,1,FALSE
"gonad","one01212","Fatty acid metabolism",7,64,0.410280201672253,1,FALSE
"gonad","one00480","Glutathione metabolism",6,54,0.410849659433912,1,FALSE
"gonad","one04540","Gap junction",11,105,0.417580163895824,1,FALSE
"gonad","one04010","MAPK signaling pathway",37,373,0.423096811130185,1,FALSE
"gonad","one04141","Protein processing in endoplasmic reticulum",28,283,0.446287814944448,1,FALSE
"gonad","one00470","D-Amino acid metabolism",1,6,0.451795689055125,1,FALSE
"gonad","one00640","Propanoate metabolism",4,36,0.453176740598781,1,FALSE
"gonad","one01230","Biosynthesis of amino acids",9,88,0.464074110476122,1,FALSE
"gonad","one00565","Ether lipid metabolism",6,58,0.480541238670332,1,FALSE
"gonad","one00220","Arginine biosynthesis",3,27,0.482243133992615,1,FALSE
"gonad","one03022","Basal transcription factors",4,38,0.496184457230331,1,FALSE
"gonad","one04350","TGF-beta signaling pathway",15,155,0.515539519491016,1,FALSE
"gonad","one04625","C-type lectin receptor signaling pathway",15,155,0.515539519491016,1,FALSE
"gonad","one00592","alpha-Linolenic acid metabolism",2,18,0.522816727891255,1,FALSE
"gonad","one04621","NOD-like receptor signaling pathway",18,188,0.528855528913291,1,FALSE
"gonad","one05100","Bacterial invasion of epithelial cells",13,136,0.538817044003675,1,FALSE
"gonad","one00983","Drug metabolism - other enzymes",5,51,0.54293302510062,1,FALSE
"gonad","one04120","Ubiquitin mediated proteolysis",21,222,0.549006063755235,1,FALSE
"gonad","one04916","Melanogenesis",10,105,0.550055289945121,1,FALSE
"gonad","one04122","Sulfur relay system",1,8,0.551385795765611,1,FALSE
"gonad","one00561","Glycerolipid metabolism",7,74,0.566603112749144,1,FALSE
"gonad","one03018","RNA degradation",9,96,0.572199702001357,1,FALSE
"gonad","one00071","Fatty acid degradation",4,42,0.577393594816557,1,FALSE
"gonad","one00630","Glyoxylate and dicarboxylate metabolism",4,42,0.577393594816557,1,FALSE
"gonad","one00410","beta-Alanine metabolism",3,31,0.57780829851496,1,FALSE
"gonad","one04980","Cobalamin transport and metabolism",2,20,0.581132399141292,1,FALSE
"gonad","one04981","Folate transport and metabolism",2,20,0.581132399141292,1,FALSE
"gonad","one04080","Neuroactive ligand-receptor interaction",12,130,0.59112738816842,1,FALSE
"gonad","one04261","Adrenergic signaling in cardiomyocytes",17,184,0.591792307733944,1,FALSE
"gonad","one00513","Various types of N-glycan biosynthesis",6,65,0.595140559122801,1,FALSE
"gonad","one00760","Nicotinate and nicotinamide metabolism",3,32,0.599903881819588,1,FALSE
"gonad","one00040","Pentose and glucuronate interconversions",2,21,0.608261081863837,1,FALSE
"gonad","one00052","Galactose metabolism",2,21,0.608261081863837,1,FALSE
"gonad","one00053","Ascorbate and aldarate metabolism",2,21,0.608261081863837,1,FALSE
"gonad","one00140","Steroid hormone biosynthesis",2,21,0.608261081863837,1,FALSE
"gonad","one04517","IgSF CAM signaling",37,402,0.616779292876725,1,FALSE
"gonad","one04217","Necroptosis",19,209,0.622180039557008,1,FALSE
"gonad","one00860","Porphyrin metabolism",5,56,0.628221551399165,1,FALSE
"gonad","one03430","Mismatch repair",2,22,0.634031651695136,1,FALSE
"gonad","one04130","SNARE interactions in vesicular transport",4,46,0.650620132410542,1,FALSE
"gonad","one04977","Vitamin digestion and absorption",2,23,0.658456233259905,1,FALSE
"gonad","one04622","RIG-I-like receptor signaling pathway",5,60,0.689044705136053,1,FALSE
"gonad","one04081","Hormone signaling",15,173,0.689794044214726,1,FALSE
"gonad","one00450","Selenocompound metabolism",1,12,0.699628503277048,1,FALSE
"gonad","one00511","Other glycan degradation",1,12,0.699628503277048,1,FALSE
"gonad","one04620","Toll-like receptor signaling pathway",9,107,0.702589577510445,1,FALSE
"gonad","one04371","Apelin signaling pathway",16,186,0.705459676549952,1,FALSE
"gonad","one00360","Phenylalanine metabolism",1,13,0.728300140445357,1,FALSE
"gonad","one03265","Virion - Ebolavirus, Lyssavirus and Morbillivirus",1,13,0.728300140445357,1,FALSE
"gonad","one04115","p53 signaling pathway",8,98,0.728685429997211,1,FALSE
"gonad","one01040","Biosynthesis of unsaturated fatty acids",2,27,0.743247344034187,1,FALSE
"gonad","one00910","Nitrogen metabolism",1,14,0.754238519894598,1,FALSE
"gonad","one04216","Ferroptosis",6,77,0.755238215466365,1,FALSE
"gonad","one04150","mTOR signaling pathway",17,204,0.756705547734086,1,FALSE
"gonad","one04270","Vascular smooth muscle contraction",13,161,0.775594245216488,1,FALSE
"gonad","one00051","Fructose and mannose metabolism",3,42,0.777628073478297,1,FALSE
"gonad","one00130","Ubiquinone and other terpenoid-quinone biosynthesis",1,15,0.777703862479191,1,FALSE
"gonad","one00531","Glycosaminoglycan degradation",1,15,0.777703862479191,1,FALSE
"gonad","one04144","Endocytosis",34,399,0.783916186462913,1,FALSE
"gonad","one00350","Tyrosine metabolism",1,16,0.798931646977262,1,FALSE
"gonad","one00650","Butanoate metabolism",1,16,0.798931646977262,1,FALSE
"gonad","one03266","Virion - Herpesvirus",1,16,0.798931646977262,1,FALSE
"gonad","one00280","Valine, leucine and isoleucine degradation",3,44,0.804099633211924,1,FALSE
"gonad","one00380","Tryptophan metabolism",2,31,0.809349605813963,1,FALSE
"gonad","one00512","Mucin type O-glycan biosynthesis",2,31,0.809349605813963,1,FALSE
"gonad","one03460","Fanconi anemia pathway",3,45,0.816311676221282,1,FALSE
"gonad","one03030","DNA replication",2,32,0.823312654080255,1,FALSE
"gonad","one04210","Apoptosis",16,203,0.823566593572852,1,FALSE
"gonad","one00020","Citrate cycle (TCA cycle)",3,46,0.827871551370868,1,FALSE
"gonad","one00620","Pyruvate metabolism",3,46,0.827871551370868,1,FALSE
"gonad","one04136","Autophagy - other",3,46,0.827871551370868,1,FALSE
"gonad","one03320","PPAR signaling pathway",6,85,0.832867347451554,1,FALSE
"gonad","one00770","Pantothenate and CoA biosynthesis",1,18,0.835506620200741,1,FALSE
"gonad","one04370","VEGF signaling pathway",6,86,0.841016749866035,1,FALSE
"gonad","one05168","Herpes simplex virus 1 infection",18,230,0.843745936895133,1,FALSE
"gonad","one00900","Terpenoid backbone biosynthesis",1,19,0.851221108030361,1,FALSE
"gonad","one04914","Progesterone-mediated oocyte maturation",8,113,0.856272930354405,1,FALSE
"gonad","one00600","Sphingolipid metabolism",4,63,0.863373296077718,1,FALSE
"gonad","one01232","Nucleotide metabolism",6,89,0.863550215662514,1,FALSE
"gonad","one00785","Lipoic acid metabolism",1,20,0.865436303235049,1,FALSE
"gonad","one03273","Virion - Lassa virus and SFTS virus",1,20,0.865436303235049,1,FALSE
"gonad","one04340","Hedgehog signaling pathway",5,77,0.869871406591273,1,FALSE
"gonad","one01240","Biosynthesis of cofactors",11,153,0.874845943513484,1,FALSE
"gonad","one01200","Carbon metabolism",10,141,0.876090330012251,1,FALSE
"gonad","one00533","Glycosaminoglycan biosynthesis - keratan sulfate",1,21,0.878295064303609,1,FALSE
"gonad","one04020","Calcium signaling pathway",16,214,0.878855790842489,1,FALSE
"gonad","one00520","Amino sugar and nucleotide sugar metabolism",2,37,0.880218364773691,1,FALSE
"gonad","one01210","2-Oxocarboxylic acid metabolism",2,37,0.880218364773691,1,FALSE
"gonad","one04920","Adipocytokine signaling pathway",6,92,0.883375576145291,1,FALSE
"gonad","one03083","Polycomb repressive complex",9,131,0.888530716445529,1,FALSE
"gonad","one00601","Glycosphingolipid biosynthesis - lacto and neolacto series",1,23,0.900448038203853,1,FALSE
"gonad","one04912","GnRH signaling pathway",9,135,0.907401296120709,1,FALSE
"gonad","one04519","Cadherin signaling",30,387,0.90839551364049,1,FALSE
"gonad","one04382","Cornified envelope formation",10,152,0.924323206297222,1,FALSE
"gonad","one00030","Pentose phosphate pathway",1,26,0.926359807755316,1,FALSE
"gonad","one00534","Glycosaminoglycan biosynthesis - heparan sulfate / heparin",1,28,0.939772701702748,1,FALSE
"gonad","one00830","Retinol metabolism",1,28,0.939772701702748,1,FALSE
"gonad","one04114","Oocyte meiosis",10,161,0.950884906004857,1,FALSE
"gonad","one03082","ATP-dependent chromatin remodeling",10,162,0.953258612853958,1,FALSE
"gonad","one00010","Glycolysis / Gluconeogenesis",3,65,0.954624116129402,1,FALSE
"gonad","one02010","ABC transporters",1,32,0.959721394082863,1,FALSE
"gonad","one00564","Glycerophospholipid metabolism",7,125,0.960574089782252,1,FALSE
"gonad","one04530","Tight junction",18,269,0.962786653395067,1,FALSE
"gonad","one00514","Other types of O-glycan biosynthesis",2,54,0.970447834467385,1,FALSE
"gonad","one00230","Purine metabolism",7,130,0.970508086599448,1,FALSE
"gonad","one00270","Cysteine and methionine metabolism",2,55,0.972860274063215,1,FALSE
"gonad","one01250","Biosynthesis of nucleotide sugars",1,36,0.973068893427601,1,FALSE
"gonad","one04146","Peroxisome",4,88,0.973720402748866,1,FALSE
"gonad","one04012","ErbB signaling pathway",7,136,0.979387702419028,1,FALSE
"gonad","one04330","Notch signaling pathway",3,76,0.980346075166349,1,FALSE
"gonad","one03015","mRNA surveillance pathway",7,137,0.980601685408378,1,FALSE
"gonad","one04068","FoxO signaling pathway",12,206,0.980678769758306,1,FALSE
"gonad","one04520","Adherens junction",9,166,0.98150455018285,1,FALSE
"gonad","one04070","Phosphatidylinositol signaling system",7,139,0.982833534960072,1,FALSE
"gonad","one04110","Cell cycle",11,195,0.983012642403494,1,FALSE
"gonad","one00562","Inositol phosphate metabolism",5,110,0.983473130786515,1,FALSE
"gonad","one03410","Base excision repair",1,42,0.985282511994066,1,FALSE
"gonad","one04137","Mitophagy - animal",11,199,0.986291669343912,1,FALSE
"gonad","one04810","Regulation of actin cytoskeleton",20,320,0.987646006664801,1,FALSE
"gonad","one04148","Efferocytosis",11,202,0.988356636636391,1,FALSE
"gonad","one04518","Integrin signaling",10,189,0.988917555369647,1,FALSE
"gonad","one04910","Insulin signaling pathway",11,203,0.988978335962848,1,FALSE
"gonad","one04510","Focal adhesion",17,284,0.989205980601291,1,FALSE
"gonad","one00310","Lysine degradation",3,87,0.991773034701714,1,FALSE
"gonad","one04512","ECM-receptor interaction",3,87,0.991773034701714,1,FALSE
"gonad","one04218","Cellular senescence",13,236,0.991822219936491,1,FALSE
"gonad","one04310","Wnt signaling pathway",11,217,0.9950021553556,1,FALSE
"gonad","one00240","Pyrimidine metabolism",1,58,0.997069597647322,1,FALSE
"gonad","one04820","Cytoskeleton in muscle cells",12,247,0.998007103061725,1,FALSE
"gonad","one04140","Autophagy - animal",15,299,0.998826435614563,1,FALSE
"gonad","one00100","Steroid biosynthesis",0,21,1,1,FALSE
"gonad","one00120","Primary bile acid biosynthesis",0,14,1,1,FALSE
"gonad","one00290","Valine, leucine and isoleucine biosynthesis",0,1,1,1,FALSE
"gonad","one00400","Phenylalanine, tyrosine and tryptophan biosynthesis",0,9,1,1,FALSE
"gonad","one00430","Taurine and hypotaurine metabolism",0,9,1,1,FALSE
"gonad","one00440","Phosphonate and phosphinate metabolism",0,10,1,1,FALSE
"gonad","one00500","Starch and sucrose metabolism",0,22,1,1,FALSE
"gonad","one00515","Mannose type O-glycan biosynthesis",0,20,1,1,FALSE
"gonad","one00524","Neomycin, kanamycin and gentamicin biosynthesis",0,3,1,1,FALSE
"gonad","one00532","Glycosaminoglycan biosynthesis - chondroitin sulfate / dermatan sulfate",0,16,1,1,FALSE
"gonad","one00541","Biosynthesis of various nucleotide sugars",0,23,1,1,FALSE
"gonad","one00603","Glycosphingolipid biosynthesis - globo and isoglobo series",0,13,1,1,FALSE
"gonad","one00604","Glycosphingolipid biosynthesis - ganglio series",0,11,1,1,FALSE
"gonad","one00660","C5-Branched dibasic acid metabolism",0,1,1,1,FALSE
"gonad","one00750","Vitamin B6 metabolism",0,3,1,1,FALSE
"gonad","one00780","Biotin metabolism",0,3,1,1,FALSE
"gonad","one00920","Sulfur metabolism",0,10,1,1,FALSE
"gonad","one00970","Aminoacyl-tRNA biosynthesis",0,46,1,1,FALSE
"gonad","one01320","Sulfur cycle",0,2,1,1,FALSE
"gonad","one03264","Virion - Flavivirus and Alphavirus",0,7,1,1,FALSE
"gonad","one03267","Virion - Adenovirus",0,4,1,1,FALSE
"gonad","one03271","Virion - Rotavirus",0,4,1,1,FALSE
"gonad","one03450","Non-homologous end-joining",0,10,1,1,FALSE
