"gene","description","liver_log2FC","liver_padj","gonad_log2FC","gonad_padj","same_direction"
"LOC115139187","splicing factor 3B subunit 6",0.439828008567823,0.0230517281281126,1.1674143910102,0.00140732001970648,TRUE
"LOC115142640","protein dpy-30 homolog, transcript variant X1",0.27196250988842,0.0360596874502572,1.06919157020906,0.00171847581871482,TRUE
"LOC115133295","oligosaccharyltransferase complex subunit ostc, transcript variant X2",0.564875405873669,0.0230517281281126,0.952530638242968,0.00252701981890167,TRUE
"ndufb5","NADH:ubiquinone oxidoreductase subunit B5",0.423840738477934,0.0466002202576675,0.85237810997712,0.0105094538645953,TRUE
"LOC115140186","dynein light chain 1, cytoplasmic-like",0.331588868852392,0.0463763376877336,0.851608622047117,0.00749762792646944,TRUE
"LOC115105069","eukaryotic translation initiation factor 1b",0.442257575803359,0.0360596874502572,0.831829061824874,0.0053188314993631,TRUE
"LOC115128702","26S proteasome complex subunit SEM1",0.477697400716238,0.0230517281281126,0.810603796778627,0.0109863891092403,TRUE
"atp5mpl","ATP synthase membrane subunit 6.8PL",0.535762730830029,0.047539128966819,0.798828389240824,0.00733593210398973,TRUE
"LOC115104729","cytochrome b-c1 complex subunit 9-like",0.277452209648859,0.0338937433197595,0.770433576693245,0.0102056552385187,TRUE
"LOC115104196","SUMO-conjugating enzyme UBC9-B, transcript variant X2",0.385001142117212,0.0453021699119336,0.693332958827626,0.0137540064609455,TRUE
"znhit2","zinc finger HIT-type containing 2, transcript variant X2",0.433268345220342,0.0267734674773602,0.67305191290299,0.00737411634382322,TRUE
"LOC115125161","60S ribosomal protein L32-like",0.512579980830992,0.0237609142253259,0.671855595937662,0.0209050973518834,TRUE
"LOC115131673","NADH dehydrogenase [ubiquinone] iron-sulfur protein 5-like",0.66253833728075,0.0230517281281126,0.589491748251106,0.0122024842556778,TRUE
"LOC115138930","ATPase inhibitor B, mitochondrial-like, transcript variant X2",0.314401511961521,0.0466002202576675,0.561185100122937,0.0110702363010125,TRUE
"LOC115113712","ferritin, heavy subunit-like",0.331296513044455,0.0466002202576675,0.558324841791246,0.0313262510720951,TRUE
"LOC115138705","proteasome subunit alpha type-3",0.424921284550972,0.0238352665667346,0.544745965721952,0.038467833411615,TRUE
"LOC115101900","gamma-secretase subunit PEN-2",0.306318352460216,0.0497293541243035,0.526469658257285,0.0224666468253504,TRUE
"LOC115133349","ER membrane protein complex subunit 4, transcript variant X2",0.224927348051587,0.0466002202576675,0.499424101753071,0.00868407083107166,TRUE
"LOC115116544","alpha-tubulin N-acetyltransferase 1-like, transcript variant X2",-1.19280991616397,0.0238352665667346,-0.927992789917918,0.0215753019183465,TRUE
